{
  "DEFAULT": {
    "version": 2.1,
    "loglevel": "debug",
    "env_name": "lab",
    "insecureRequestWarning": "true",
    "crypto_file": "",
    "config_file": "",
    "config_folder": "",
    "log_file": "",
    "log_folder": "",
    "data_folder": "",
    "template_folder": "",
    "demo": false,
    "debug": {
      "api": false,
      "data": false,
      "functions": false,
      "advanced": false,
      "qa": false
    }
  },
  "BHOM": {
    "host": "",
    "port": "443",
    "ssl": true,
    "ssl_ignore": true,
    "user": "",
    "pwd": "",
    "api_version": "v1",
    "api_docs": "https://docs.bmc.com/docs/helixoperationsmanagement/223/managing-events-with-rest-apis-1102945613.html",
    "api_namespace": "ims",
    "api_key": "",
    "api_secret": "",
    "tennant": "",
    "demo": false,
    "debug": false
  },
  "CTM": {
    "host": "",
    "port": "8443",
    "ssl": true,
    "ssl_verification": false,
    "jks_pwd": "",
    "jks_secure": "",
    "user": "",
    "pwd": "",
    "docs-api": "https://docs.bmc.com/docs/automation-api/monthly/code-reference-989443381.html",
    "docs-3rd": "http://www.ctmguru.com/p/faq.html",
    "docs-itsm": "https://docs.bmc.com/docs/bsr/35/integrating-bmc-control-m-workload-automation-with-proactivenet-589660480.html",
    "python": "https://github.com/dcompane/controlm_py",
    "env": "",
    "aapi": "/automation-api",
    "swagger": "/automation-api/swagger-ui.html",
    "demo": false,
    "debug": false,
    "bhom": {
      "enabled": true,
      "service_model_rpt_job": "",
      "service_model_root_node": ""
    },
    "alerts": {
      "ids": "",
      "comment": "",
      "urgency": "",
      "status": "",
      "demo": false
    },
    "ctmag": {
      "windows": "HKEY_LOCAL_MACHINE\\SYSTEM\\CurrentControlSet\\Services\\ctmag",
      "nix": "",
      "demo": false
    },
    "jobs": {
      "log_level": "",
      "oderid": "",
      "server": "",
      "demo": false
    },
    "datacenter": [
      {
        "name": "abc",
        "host": "abc.local"
      },
      {
        "name": "123",
        "host": "123.local"
      }
    ]
  },
  "CTM_BRIDGE": {
    "host": "0.0.0.0",
    "port": "8888",
    "ssl": false,
    "ssl_verification": false,
    "user": "",
    "pwd": "",
    "html": "index.html",
    "api": "bridge.ctm.api.json",
    "tso_process": "",
    "debug": false
  }
}
